sort_order,filename,item_id,title,date,iiif_url,width_px,height_px,bytes,max_print_in_at_300dpi,max_print_in_at_150dpi
001,001_text-page-cosmogony.jpg,RUMSEY~8~1~217735~5503897,Text Page: Cosmogony.,1953,https://www.davidrumsey.com/luna/servlet/iiif/RUMSEY~8~1~217735~5503897,11261,8070,16233083,37.54 x 26.90,75.07 x 53.80
002,002_covers-world-geo-graphic-atlas.jpg,RUMSEY~8~1~217713~5503891,Covers: World Geo-graphic Atlas.,1953,https://www.davidrumsey.com/luna/servlet/iiif/RUMSEY~8~1~217713~5503891,12132,8164,35233157,40.44 x 27.21,80.88 x 54.43
003,003_text-page-addenda-and-corrigenda.jpg,RUMSEY~8~1~217725~5503892,Text Page: Addenda and Corrigenda.,1953,https://www.davidrumsey.com/luna/servlet/iiif/RUMSEY~8~1~217725~5503892,11087,8101,29550711,36.96 x 27.00,73.91 x 54.01
004,004_half-title-world-geo-graphic-atlas.jpg,RUMSEY~8~1~217727~5503893,Half Title: World Geo-graphic Atlas.,1953,https://www.davidrumsey.com/luna/servlet/iiif/RUMSEY~8~1~217727~5503893,6032,7969,5628795,20.11 x 26.56,40.21 x 53.13
005,005_title-page-world-geo-graphic-atlas-a-composite-of-man-s-environment.jpg,RUMSEY~8~1~217729~5503894,"Title Page: World Geo-graphic Atlas, A Composite of Man's Environment.",1953,https://www.davidrumsey.com/luna/servlet/iiif/RUMSEY~8~1~217729~5503894,11188,8062,11213871,37.29 x 26.87,74.59 x 53.75
006,006_text-page-preface-foreward.jpg,RUMSEY~8~1~217731~5503895,Text Page: Preface. Foreward.,1953,https://www.davidrumsey.com/luna/servlet/iiif/RUMSEY~8~1~217731~5503895,11232,8078,14801704,37.44 x 26.93,74.88 x 53.85
007,007_table-of-contents-world-geo-graphic-atlas-a-composite-of-man-s.jpg,RUMSEY~8~1~217733~5503896,"Table of Contents: World Geo-graphic Atlas, A Composite of Man's Environment.",1953,https://www.davidrumsey.com/luna/servlet/iiif/RUMSEY~8~1~217733~5503896,11297,8070,15843795,37.66 x 26.90,75.31 x 53.80
008,008_text-page-astronomy-solar-system.jpg,RUMSEY~8~1~217737~5503898,Text Page: Astronomy. Solar System.,1953,https://www.davidrumsey.com/luna/servlet/iiif/RUMSEY~8~1~217737~5503898,11311,8049,19809922,37.70 x 26.83,75.41 x 53.66
009,009_text-page-astronomy-the-moon-our-planet.jpg,RUMSEY~8~1~217738~5503899,Text Page: Astronomy. The Moon. Our Planet.,1953,https://www.davidrumsey.com/luna/servlet/iiif/RUMSEY~8~1~217738~5503899,11362,8077,16873932,37.87 x 26.92,75.75 x 53.85
010,010_text-page-geology.jpg,RUMSEY~8~1~217740~5503900,Text Page: Geology.,1953,https://www.davidrumsey.com/luna/servlet/iiif/RUMSEY~8~1~217740~5503900,11375,8034,18657178,37.92 x 26.78,75.83 x 53.56
011,011_text-page-geology.jpg,RUMSEY~8~1~217741~5503901,Text Page: Geology.,1953,https://www.davidrumsey.com/luna/servlet/iiif/RUMSEY~8~1~217741~5503901,11383,8056,18520795,37.94 x 26.85,75.89 x 53.71
012,012_text-page-the-atmosphere-circulation-of-the-air.jpg,RUMSEY~8~1~217742~5503902,Text Page: The Atmosphere. Circulation of the Air.,1953,https://www.davidrumsey.com/luna/servlet/iiif/RUMSEY~8~1~217742~5503902,11428,8050,18345761,38.09 x 26.83,76.19 x 53.67
013,013_text-page-clouds-air-masses.jpg,RUMSEY~8~1~217743~5503903,Text Page: Clouds. Air Masses.,1953,https://www.davidrumsey.com/luna/servlet/iiif/RUMSEY~8~1~217743~5503903,11442,8034,21533343,38.14 x 26.78,76.28 x 53.56
014,014_text-page-map-projections.jpg,RUMSEY~8~1~217744~5503904,Text Page: Map Projections.,1953,https://www.davidrumsey.com/luna/servlet/iiif/RUMSEY~8~1~217744~5503904,11420,8055,16843937,38.07 x 26.85,76.13 x 53.70
015,015_world-physical.jpg,RUMSEY~8~1~217745~5503905,World. Physical.,1953,https://www.davidrumsey.com/luna/servlet/iiif/RUMSEY~8~1~217745~5503905,11448,8063,20848803,38.16 x 26.88,76.32 x 53.75
016,016_world-climatic-regions.jpg,RUMSEY~8~1~217747~5503906,World. Climatic Regions.,1953,https://www.davidrumsey.com/luna/servlet/iiif/RUMSEY~8~1~217747~5503906,11471,8042,19141824,38.24 x 26.81,76.47 x 53.61
017,017_world-pressure-and-predominant-winds-temperature.jpg,RUMSEY~8~1~217749~5503907,World. Pressure and Predominant Winds. Temperature.,1953,https://www.davidrumsey.com/luna/servlet/iiif/RUMSEY~8~1~217749~5503907,11485,8063,23979298,38.28 x 26.88,76.57 x 53.75
018,018_world-annual-rainfall-and-ocean-currents.jpg,RUMSEY~8~1~217750~5503908,World. Annual Rainfall and Ocean Currents.,1953,https://www.davidrumsey.com/luna/servlet/iiif/RUMSEY~8~1~217750~5503908,11485,8056,21044261,38.28 x 26.85,76.57 x 53.71
019,019_world-natural-vegetation.jpg,RUMSEY~8~1~217752~5503909,World. Natural Vegetation.,1953,https://www.davidrumsey.com/luna/servlet/iiif/RUMSEY~8~1~217752~5503909,11492,8063,18041044,38.31 x 26.88,76.61 x 53.75
020,020_world-great-soil-groups.jpg,RUMSEY~8~1~217754~5503910,World. Great Soil Groups.,1953,https://www.davidrumsey.com/luna/servlet/iiif/RUMSEY~8~1~217754~5503910,11521,8062,20455589,38.40 x 26.87,76.81 x 53.75
021,021_world-agricultural-regions.jpg,RUMSEY~8~1~217756~5503911,World. Agricultural Regions.,1953,https://www.davidrumsey.com/luna/servlet/iiif/RUMSEY~8~1~217756~5503911,11514,8049,18586574,38.38 x 26.83,76.76 x 53.66
022,022_world-population.jpg,RUMSEY~8~1~217758~5503912,World. Population.,1953,https://www.davidrumsey.com/luna/servlet/iiif/RUMSEY~8~1~217758~5503912,11522,8042,17726049,38.41 x 26.81,76.81 x 53.61
023,023_world-political.jpg,RUMSEY~8~1~217760~5503913,World. Political.,1953,https://www.davidrumsey.com/luna/servlet/iiif/RUMSEY~8~1~217760~5503913,11521,8027,18275049,38.40 x 26.76,76.81 x 53.51
024,024_world-surface-transport.jpg,RUMSEY~8~1~217762~5503914,World. Surface Transport.,1953,https://www.davidrumsey.com/luna/servlet/iiif/RUMSEY~8~1~217762~5503914,11535,8028,19577123,38.45 x 26.76,76.90 x 53.52
025,025_world-ocean-communications-time.jpg,RUMSEY~8~1~217764~5503915,World. Ocean Communications. Time.,1953,https://www.davidrumsey.com/luna/servlet/iiif/RUMSEY~8~1~217764~5503915,11535,8041,20747860,38.45 x 26.80,76.90 x 53.61
026,026_world-air-communications-air-map.jpg,RUMSEY~8~1~217767~5503916,World. Air Communications. Air Map.,1953,https://www.davidrumsey.com/luna/servlet/iiif/RUMSEY~8~1~217767~5503916,11539,8053,21296611,38.46 x 26.84,76.93 x 53.69
027,027_world-predominant-economies.jpg,RUMSEY~8~1~217769~5503917,World. Predominant Economies.,1953,https://www.davidrumsey.com/luna/servlet/iiif/RUMSEY~8~1~217769~5503917,11565,7983,19779003,38.55 x 26.61,77.10 x 53.22
028,028_world-economic.jpg,RUMSEY~8~1~217771~5503918,World. Economic.,1953,https://www.davidrumsey.com/luna/servlet/iiif/RUMSEY~8~1~217771~5503918,11550,7998,18029320,38.50 x 26.66,77.00 x 53.32
029,029_world-economic.jpg,RUMSEY~8~1~217772~5503919,World. Economic.,1953,https://www.davidrumsey.com/luna/servlet/iiif/RUMSEY~8~1~217772~5503919,11565,8017,18991503,38.55 x 26.72,77.10 x 53.45
030,030_world-economic.jpg,RUMSEY~8~1~217773~5503920,World. Economic.,1953,https://www.davidrumsey.com/luna/servlet/iiif/RUMSEY~8~1~217773~5503920,11557,7984,19118538,38.52 x 26.61,77.05 x 53.23
031,031_world-economic.jpg,RUMSEY~8~1~217774~5503921,World. Economic.,1953,https://www.davidrumsey.com/luna/servlet/iiif/RUMSEY~8~1~217774~5503921,11564,8005,19087339,38.55 x 26.68,77.09 x 53.37
032,032_world-economic.jpg,RUMSEY~8~1~217776~5503922,World. Economic.,1953,https://www.davidrumsey.com/luna/servlet/iiif/RUMSEY~8~1~217776~5503922,11550,7998,19384132,38.50 x 26.66,77.00 x 53.32
033,033_world-economic.jpg,RUMSEY~8~1~217778~5503923,World. Economic.,1953,https://www.davidrumsey.com/luna/servlet/iiif/RUMSEY~8~1~217778~5503923,11558,8006,17599901,38.53 x 26.69,77.05 x 53.37
034,034_world-economics-languages-and-religions.jpg,RUMSEY~8~1~217779~5503924,World. Economics. Languages and Religions.,1953,https://www.davidrumsey.com/luna/servlet/iiif/RUMSEY~8~1~217779~5503924,11557,8013,18633262,38.52 x 26.71,77.05 x 53.42
035,035_north-america-physical.jpg,RUMSEY~8~1~217782~5503925,North America. Physical.,1953,https://www.davidrumsey.com/luna/servlet/iiif/RUMSEY~8~1~217782~5503925,11558,8005,23656652,38.53 x 26.68,77.05 x 53.37
036,036_u-s-a-political.jpg,RUMSEY~8~1~217785~5503926,U.S.A. Political.,1953,https://www.davidrumsey.com/luna/servlet/iiif/RUMSEY~8~1~217785~5503926,11564,7998,30793326,38.55 x 26.66,77.09 x 53.32
037,037_u-s-a-physiographic.jpg,RUMSEY~8~1~217787~5503927,U.S.A. Physiographic.,1953,https://www.davidrumsey.com/luna/servlet/iiif/RUMSEY~8~1~217787~5503927,11550,7990,25642422,38.50 x 26.63,77.00 x 53.27
038,038_u-s-a-climatic-population.jpg,RUMSEY~8~1~217788~5503928,U.S.A. Climatic. Population.,1953,https://www.davidrumsey.com/luna/servlet/iiif/RUMSEY~8~1~217788~5503928,11550,8005,20797713,38.50 x 26.68,77.00 x 53.37
039,039_u-s-a-economic.jpg,RUMSEY~8~1~217789~5503929,U.S.A. Economic.,1953,https://www.davidrumsey.com/luna/servlet/iiif/RUMSEY~8~1~217789~5503929,11550,7998,19949856,38.50 x 26.66,77.00 x 53.32
040,040_eastern-u-s-a.jpg,RUMSEY~8~1~217791~5503930,Eastern U.S.A.,1953,https://www.davidrumsey.com/luna/servlet/iiif/RUMSEY~8~1~217791~5503930,8088,11594,31115948,26.96 x 38.65,53.92 x 77.29
041,041_central-u-s-a.jpg,RUMSEY~8~1~217797~5503931,Central U.S.A.,1953,https://www.davidrumsey.com/luna/servlet/iiif/RUMSEY~8~1~217797~5503931,8012,11565,34757822,26.71 x 38.55,53.41 x 77.10
042,042_western-u-s-a.jpg,RUMSEY~8~1~217801~5503932,Western U.S.A.,1953,https://www.davidrumsey.com/luna/servlet/iiif/RUMSEY~8~1~217801~5503932,8030,11557,31305918,26.77 x 38.52,53.53 x 77.05
043,043_maine.jpg,RUMSEY~8~1~217807~5503933,Maine.,1953,https://www.davidrumsey.com/luna/servlet/iiif/RUMSEY~8~1~217807~5503933,11557,8006,28670488,38.52 x 26.69,77.05 x 53.37
044,044_new-hampshire-vermont.jpg,RUMSEY~8~1~217809~5503934,New Hampshire. Vermont.,1953,https://www.davidrumsey.com/luna/servlet/iiif/RUMSEY~8~1~217809~5503934,11544,8006,29112596,38.48 x 26.69,76.96 x 53.37
045,045_massachusetts.jpg,RUMSEY~8~1~217812~5503935,Massachusetts.,1953,https://www.davidrumsey.com/luna/servlet/iiif/RUMSEY~8~1~217812~5503935,8047,11565,28752160,26.82 x 38.55,53.65 x 77.10
046,046_connecticut-rhode-island.jpg,RUMSEY~8~1~217814~5503936,Connecticut. Rhode Island.,1953,https://www.davidrumsey.com/luna/servlet/iiif/RUMSEY~8~1~217814~5503936,8038,11548,27699052,26.79 x 38.49,53.59 x 76.99
047,047_new-york.jpg,RUMSEY~8~1~217819~5503937,New York.,1953,https://www.davidrumsey.com/luna/servlet/iiif/RUMSEY~8~1~217819~5503937,8021,11540,29431938,26.74 x 38.47,53.47 x 76.93
048,048_new-jersey.jpg,RUMSEY~8~1~217820~5503938,New Jersey.,1953,https://www.davidrumsey.com/luna/servlet/iiif/RUMSEY~8~1~217820~5503938,11507,7991,28261760,38.36 x 26.64,76.71 x 53.27
049,049_pennsylvania.jpg,RUMSEY~8~1~217822~5503939,Pennsylvania.,1953,https://www.davidrumsey.com/luna/servlet/iiif/RUMSEY~8~1~217822~5503939,8021,11539,28167747,26.74 x 38.46,53.47 x 76.93
050,050_delaware-maryland-district-of-columbia.jpg,RUMSEY~8~1~217824~5503940,Delaware. Maryland. District of Columbia.,1953,https://www.davidrumsey.com/luna/servlet/iiif/RUMSEY~8~1~217824~5503940,8029,11556,26575636,26.76 x 38.52,53.53 x 77.04
051,051_west-virginia-virginia.jpg,RUMSEY~8~1~217828~5503941,West Virginia. Virginia.,1953,https://www.davidrumsey.com/luna/servlet/iiif/RUMSEY~8~1~217828~5503941,8003,11530,27091066,26.68 x 38.43,53.35 x 76.87
052,052_virginia-north-carolina.jpg,RUMSEY~8~1~217831~5503942,Virginia. North Carolina.,1953,https://www.davidrumsey.com/luna/servlet/iiif/RUMSEY~8~1~217831~5503942,8021,11550,33453230,26.74 x 38.50,53.47 x 77.00
053,053_north-carolina-south-carolina.jpg,RUMSEY~8~1~217833~5503943,North Carolina. South Carolina.,1953,https://www.davidrumsey.com/luna/servlet/iiif/RUMSEY~8~1~217833~5503943,8012,11531,28678153,26.71 x 38.44,53.41 x 76.87
054,054_georgia.jpg,RUMSEY~8~1~217835~5503944,Georgia.,1953,https://www.davidrumsey.com/luna/servlet/iiif/RUMSEY~8~1~217835~5503944,11521,8005,29119204,38.40 x 26.68,76.81 x 53.37
055,055_florida.jpg,RUMSEY~8~1~217837~5503945,Florida.,1953,https://www.davidrumsey.com/luna/servlet/iiif/RUMSEY~8~1~217837~5503945,11514,8027,26799787,38.38 x 26.76,76.76 x 53.51
056,056_alabama-mississippi.jpg,RUMSEY~8~1~217839~5503946,Alabama. Mississippi.,1953,https://www.davidrumsey.com/luna/servlet/iiif/RUMSEY~8~1~217839~5503946,11500,8013,30321177,38.33 x 26.71,76.67 x 53.42
057,057_mississippi.jpg,RUMSEY~8~1~217842~5503947,Mississippi.,1953,https://www.davidrumsey.com/luna/servlet/iiif/RUMSEY~8~1~217842~5503947,6019,8076,15643333,20.06 x 26.92,40.13 x 53.84
058,058_louisiana.jpg,RUMSEY~8~1~217844~5503948,Louisiana.,1953,https://www.davidrumsey.com/luna/servlet/iiif/RUMSEY~8~1~217844~5503948,7960,5975,17548982,26.53 x 19.92,53.07 x 39.83
059,059_louisiana-arkansas.jpg,RUMSEY~8~1~217845~5503949,Louisiana. Arkansas.,1953,https://www.davidrumsey.com/luna/servlet/iiif/RUMSEY~8~1~217845~5503949,8072,11548,27806747,26.91 x 38.49,53.81 x 76.99
060,060_tennessee.jpg,RUMSEY~8~1~217847~5503950,Tennessee.,1953,https://www.davidrumsey.com/luna/servlet/iiif/RUMSEY~8~1~217847~5503950,11515,8027,28082488,38.38 x 26.76,76.77 x 53.51
061,061_kentucky.jpg,RUMSEY~8~1~217849~5503951,Kentucky.,1953,https://www.davidrumsey.com/luna/servlet/iiif/RUMSEY~8~1~217849~5503951,8064,11565,28414635,26.88 x 38.55,53.76 x 77.10
062,062_ohio.jpg,RUMSEY~8~1~217851~5503952,Ohio.,1953,https://www.davidrumsey.com/luna/servlet/iiif/RUMSEY~8~1~217851~5503952,8029,11556,28698579,26.76 x 38.52,53.53 x 77.04
063,063_michigan.jpg,RUMSEY~8~1~217853~5503953,Michigan.,1953,https://www.davidrumsey.com/luna/servlet/iiif/RUMSEY~8~1~217853~5503953,11529,7991,26948307,38.43 x 26.64,76.86 x 53.27
064,064_indiana.jpg,RUMSEY~8~1~217855~5503954,Indiana.,1953,https://www.davidrumsey.com/luna/servlet/iiif/RUMSEY~8~1~217855~5503954,11514,7991,28637910,38.38 x 26.64,76.76 x 53.27
065,065_illinois.jpg,RUMSEY~8~1~217857~5503955,Illinois.,1953,https://www.davidrumsey.com/luna/servlet/iiif/RUMSEY~8~1~217857~5503955,11507,7977,29995696,38.36 x 26.59,76.71 x 53.18
066,066_wisconsin.jpg,RUMSEY~8~1~217859~5503956,Wisconsin.,1953,https://www.davidrumsey.com/luna/servlet/iiif/RUMSEY~8~1~217859~5503956,11500,7991,28516252,38.33 x 26.64,76.67 x 53.27
067,067_minnesota.jpg,RUMSEY~8~1~217861~5503957,Minnesota.,1953,https://www.davidrumsey.com/luna/servlet/iiif/RUMSEY~8~1~217861~5503957,11507,8012,27527154,38.36 x 26.71,76.71 x 53.41
068,068_iowa.jpg,RUMSEY~8~1~217863~5503958,Iowa.,1953,https://www.davidrumsey.com/luna/servlet/iiif/RUMSEY~8~1~217863~5503958,8003,11566,30371531,26.68 x 38.55,53.35 x 77.11
069,069_missouri.jpg,RUMSEY~8~1~217865~5503959,Missouri.,1953,https://www.davidrumsey.com/luna/servlet/iiif/RUMSEY~8~1~217865~5503959,5974,7983,11653293,19.91 x 26.61,39.83 x 53.22
070,070_missouri.jpg,RUMSEY~8~1~217867~5503960,Missouri.,1953,https://www.davidrumsey.com/luna/servlet/iiif/RUMSEY~8~1~217867~5503960,7959,6139,19696468,26.53 x 20.46,53.06 x 40.93
071,071_oklahoma.jpg,RUMSEY~8~1~217868~5503961,Oklahoma.,1953,https://www.davidrumsey.com/luna/servlet/iiif/RUMSEY~8~1~217868~5503961,8003,11557,30232127,26.68 x 38.52,53.35 x 77.05
072,072_texas.jpg,RUMSEY~8~1~217870~5503962,Texas.,1953,https://www.davidrumsey.com/luna/servlet/iiif/RUMSEY~8~1~217870~5503962,11500,7998,31375678,38.33 x 26.66,76.67 x 53.32
073,073_kansas.jpg,RUMSEY~8~1~217872~5503963,Kansas.,1953,https://www.davidrumsey.com/luna/servlet/iiif/RUMSEY~8~1~217872~5503963,8012,11531,25569212,26.71 x 38.44,53.41 x 76.87
074,074_nebraska.jpg,RUMSEY~8~1~217874~5503964,Nebraska.,1953,https://www.davidrumsey.com/luna/servlet/iiif/RUMSEY~8~1~217874~5503964,8012,11556,29780132,26.71 x 38.52,53.41 x 77.04
075,075_north-dakota-south-dakota.jpg,RUMSEY~8~1~217876~5503965,North Dakota. South Dakota.,1953,https://www.davidrumsey.com/luna/servlet/iiif/RUMSEY~8~1~217876~5503965,11484,7984,29566228,38.28 x 26.61,76.56 x 53.23
076,076_montana.jpg,RUMSEY~8~1~217879~5503966,Montana.,1953,https://www.davidrumsey.com/luna/servlet/iiif/RUMSEY~8~1~217879~5503966,7994,11540,30298918,26.65 x 38.47,53.29 x 76.93
077,077_idaho.jpg,RUMSEY~8~1~217881~5503967,Idaho.,1953,https://www.davidrumsey.com/luna/servlet/iiif/RUMSEY~8~1~217881~5503967,11492,7984,27681002,38.31 x 26.61,76.61 x 53.23
078,078_wyoming.jpg,RUMSEY~8~1~217883~5503968,Wyoming.,1953,https://www.davidrumsey.com/luna/servlet/iiif/RUMSEY~8~1~217883~5503968,8020,11566,30574859,26.73 x 38.55,53.47 x 77.11
079,079_colorado.jpg,RUMSEY~8~1~217885~5503969,Colorado.,1953,https://www.davidrumsey.com/luna/servlet/iiif/RUMSEY~8~1~217885~5503969,8029,11556,28555059,26.76 x 38.52,53.53 x 77.04
080,080_new-mexico-arizona.jpg,RUMSEY~8~1~217887~5503970,New Mexico. Arizona.,1953,https://www.davidrumsey.com/luna/servlet/iiif/RUMSEY~8~1~217887~5503970,8002,11548,28151144,26.67 x 38.49,53.35 x 76.99
081,081_arizona-utah.jpg,RUMSEY~8~1~217890~5503971,Arizona. Utah.,1953,https://www.davidrumsey.com/luna/servlet/iiif/RUMSEY~8~1~217890~5503971,8004,11522,22296248,26.68 x 38.41,53.36 x 76.81
082,082_nevada-utah.jpg,RUMSEY~8~1~217892~5503972,Nevada. Utah.,1953,https://www.davidrumsey.com/luna/servlet/iiif/RUMSEY~8~1~217892~5503972,8012,11548,28102828,26.71 x 38.49,53.41 x 76.99
083,083_california.jpg,RUMSEY~8~1~217894~5503973,California.,1953,https://www.davidrumsey.com/luna/servlet/iiif/RUMSEY~8~1~217894~5503973,11485,7975,27934165,38.28 x 26.58,76.57 x 53.17
084,084_oregon.jpg,RUMSEY~8~1~217896~5503974,Oregon.,1953,https://www.davidrumsey.com/luna/servlet/iiif/RUMSEY~8~1~217896~5503974,7995,11558,28945915,26.65 x 38.53,53.30 x 77.05
085,085_washington.jpg,RUMSEY~8~1~217898~5503975,Washington.,1953,https://www.davidrumsey.com/luna/servlet/iiif/RUMSEY~8~1~217898~5503975,7995,11513,28197229,26.65 x 38.38,53.30 x 76.75
086,086_alaska.jpg,RUMSEY~8~1~217900~5503976,Alaska.,1953,https://www.davidrumsey.com/luna/servlet/iiif/RUMSEY~8~1~217900~5503976,7987,11521,27650832,26.62 x 38.40,53.25 x 76.81
087,087_hawaii.jpg,RUMSEY~8~1~217902~5503977,Hawaii.,1953,https://www.davidrumsey.com/luna/servlet/iiif/RUMSEY~8~1~217902~5503977,7986,11530,24062499,26.62 x 38.43,53.24 x 76.87
088,088_puerto-rico-virgin-islands.jpg,RUMSEY~8~1~217904~5503978,Puerto Rico. Virgin Islands.,1953,https://www.davidrumsey.com/luna/servlet/iiif/RUMSEY~8~1~217904~5503978,7977,11539,26904142,26.59 x 38.46,53.18 x 76.93
089,089_u-s-a-indian-tribes-types-of-farming-canada.jpg,RUMSEY~8~1~217907~5503979,U.S.A. Indian Tribes. Types of Farming. Canada.,1953,https://www.davidrumsey.com/luna/servlet/iiif/RUMSEY~8~1~217907~5503979,11470,7976,22181897,38.23 x 26.59,76.47 x 53.17
090,090_canada-alaska-greenland.jpg,RUMSEY~8~1~217913~5503980,Canada. Alaska. Greenland.,1953,https://www.davidrumsey.com/luna/servlet/iiif/RUMSEY~8~1~217913~5503980,11471,7940,30262682,38.24 x 26.47,76.47 x 52.93
091,091_canada.jpg,RUMSEY~8~1~217915~5503981,Canada.,1953,https://www.davidrumsey.com/luna/servlet/iiif/RUMSEY~8~1~217915~5503981,11464,7933,24835694,38.21 x 26.44,76.43 x 52.89
092,092_mexico.jpg,RUMSEY~8~1~217919~5503982,Mexico.,1953,https://www.davidrumsey.com/luna/servlet/iiif/RUMSEY~8~1~217919~5503982,11435,7933,29508441,38.12 x 26.44,76.23 x 52.89
093,093_mexico-central-america.jpg,RUMSEY~8~1~217921~5503983,Mexico. Central America.,1953,https://www.davidrumsey.com/luna/servlet/iiif/RUMSEY~8~1~217921~5503983,11471,7932,17233462,38.24 x 26.44,76.47 x 52.88
094,094_central-america-and-west-indies.jpg,RUMSEY~8~1~217923~5503984,Central America and West Indies.,1953,https://www.davidrumsey.com/luna/servlet/iiif/RUMSEY~8~1~217923~5503984,11449,7933,28520441,38.16 x 26.44,76.33 x 52.89
095,095_west-indies-south-america.jpg,RUMSEY~8~1~217925~5503985,West Indies. South America.,1953,https://www.davidrumsey.com/luna/servlet/iiif/RUMSEY~8~1~217925~5503985,11465,7956,20928593,38.22 x 26.52,76.43 x 53.04
096,096_south-america-venezuela-colombia-ecuador.jpg,RUMSEY~8~1~217927~5503986,South America. Venezuela. Colombia. Ecuador.,1953,https://www.davidrumsey.com/luna/servlet/iiif/RUMSEY~8~1~217927~5503986,11457,7933,19049262,38.19 x 26.44,76.38 x 52.89
097,097_northern-south-america.jpg,RUMSEY~8~1~217928~5503987,Northern South America.,1953,https://www.davidrumsey.com/luna/servlet/iiif/RUMSEY~8~1~217928~5503987,11464,7940,33275703,38.21 x 26.47,76.43 x 52.93
098,098_south-america.jpg,RUMSEY~8~1~217930~5503988,South America.,1953,https://www.davidrumsey.com/luna/servlet/iiif/RUMSEY~8~1~217930~5503988,11450,7932,18969009,38.17 x 26.44,76.33 x 52.88
099,099_southern-south-america.jpg,RUMSEY~8~1~217931~5503989,Southern South America.,1953,https://www.davidrumsey.com/luna/servlet/iiif/RUMSEY~8~1~217931~5503989,7968,11487,32645432,26.56 x 38.29,53.12 x 76.58
100,100_europe.jpg,RUMSEY~8~1~217937~5503990,Europe.,1953,https://www.davidrumsey.com/luna/servlet/iiif/RUMSEY~8~1~217937~5503990,11449,7933,25122609,38.16 x 26.44,76.33 x 52.89
101,101_europe-economic-united-kingdom-ireland.jpg,RUMSEY~8~1~217939~5503991,Europe Economic. United Kingdom. Ireland.,1953,https://www.davidrumsey.com/luna/servlet/iiif/RUMSEY~8~1~217939~5503991,11436,7941,20240013,38.12 x 26.47,76.24 x 52.94
102,102_british-isles.jpg,RUMSEY~8~1~217945~5503992,British Isles.,1953,https://www.davidrumsey.com/luna/servlet/iiif/RUMSEY~8~1~217945~5503992,7951,11454,30496827,26.50 x 38.18,53.01 x 76.36
103,103_united-kingdom-scandanavia.jpg,RUMSEY~8~1~217950~5503993,United Kingdom. Scandanavia.,1953,https://www.davidrumsey.com/luna/servlet/iiif/RUMSEY~8~1~217950~5503993,11414,7940,23588320,38.05 x 26.47,76.09 x 52.93
104,104_scandanavia-norway-finland-sweden.jpg,RUMSEY~8~1~217955~5503994,Scandanavia. Norway. Finland. Sweden.,1953,https://www.davidrumsey.com/luna/servlet/iiif/RUMSEY~8~1~217955~5503994,7951,11461,31206706,26.50 x 38.20,53.01 x 76.41
105,105_belgium-netherlands-luxembourg.jpg,RUMSEY~8~1~217958~5503995,Belgium. Netherlands. Luxembourg.,1953,https://www.davidrumsey.com/luna/servlet/iiif/RUMSEY~8~1~217958~5503995,11421,7933,29876330,38.07 x 26.44,76.14 x 52.89
106,106_central-europe.jpg,RUMSEY~8~1~217962~5503996,Central Europe.,1953,https://www.davidrumsey.com/luna/servlet/iiif/RUMSEY~8~1~217962~5503996,11421,7925,36045673,38.07 x 26.42,76.14 x 52.83
107,107_germany-poland-czechoslovakia-austria.jpg,RUMSEY~8~1~217968~5503997,Germany. Poland. Czechoslovakia. Austria.,1953,https://www.davidrumsey.com/luna/servlet/iiif/RUMSEY~8~1~217968~5503997,11428,7926,27135313,38.09 x 26.42,76.19 x 52.84
108,108_southern-central-europe.jpg,RUMSEY~8~1~217970~5503998,Southern Central Europe.,1953,https://www.davidrumsey.com/luna/servlet/iiif/RUMSEY~8~1~217970~5503998,11414,7926,34904349,38.05 x 26.42,76.09 x 52.84
109,109_central-alps-and-switzerland.jpg,RUMSEY~8~1~217974~5503999,Central Alps and Switzerland.,1953,https://www.davidrumsey.com/luna/servlet/iiif/RUMSEY~8~1~217974~5503999,11406,7947,33652655,38.02 x 26.49,76.04 x 52.98
110,110_southeastern-europe.jpg,RUMSEY~8~1~217977~5504000,Southeastern Europe.,1953,https://www.davidrumsey.com/luna/servlet/iiif/RUMSEY~8~1~217977~5504000,11428,7926,34259499,38.09 x 26.42,76.19 x 52.84
111,111_yugoslavia-hungary-romania-bulgaria-france.jpg,RUMSEY~8~1~217983~5504001,Yugoslavia. Hungary. Romania. Bulgaria. France.,1953,https://www.davidrumsey.com/luna/servlet/iiif/RUMSEY~8~1~217983~5504001,11421,7933,22484709,38.07 x 26.44,76.14 x 52.89
112,112_france.jpg,RUMSEY~8~1~217987~5504002,France.,1953,https://www.davidrumsey.com/luna/servlet/iiif/RUMSEY~8~1~217987~5504002,11428,7940,33777373,38.09 x 26.47,76.19 x 52.93
113,113_spain-portugal.jpg,RUMSEY~8~1~217988~5504003,Spain. Portugal.,1953,https://www.davidrumsey.com/luna/servlet/iiif/RUMSEY~8~1~217988~5504003,11421,7925,34174327,38.07 x 26.42,76.14 x 52.83
114,114_spain-portugal-italy.jpg,RUMSEY~8~1~217992~5504004,Spain. Portugal. Italy.,1953,https://www.davidrumsey.com/luna/servlet/iiif/RUMSEY~8~1~217992~5504004,11406,7939,23503287,38.02 x 26.46,76.04 x 52.93
115,115_italy.jpg,RUMSEY~8~1~217994~5504005,Italy.,1953,https://www.davidrumsey.com/luna/servlet/iiif/RUMSEY~8~1~217994~5504005,7977,11479,30184233,26.59 x 38.26,53.18 x 76.53
116,116_southern-balkans-and-aegean-sea-greece.jpg,RUMSEY~8~1~217995~5504006,Southern Balkans and Aegean Sea. Greece.,1953,https://www.davidrumsey.com/luna/servlet/iiif/RUMSEY~8~1~217995~5504006,7969,11462,31660776,26.56 x 38.21,53.13 x 76.41
117,117_mediterranean-turkey.jpg,RUMSEY~8~1~218002~5504007,Mediterranean. Turkey.,1953,https://www.davidrumsey.com/luna/servlet/iiif/RUMSEY~8~1~218002~5504007,11413,7925,24414390,38.04 x 26.42,76.09 x 52.83
118,118_u-s-s-r-europe.jpg,RUMSEY~8~1~218005~5504008,U.S.S.R. Europe.,1953,https://www.davidrumsey.com/luna/servlet/iiif/RUMSEY~8~1~218005~5504008,7977,11437,35556319,26.59 x 38.12,53.18 x 76.25
119,119_u-s-s-r-u-s-s-r-western-asia.jpg,RUMSEY~8~1~218011~5504009,U.S.S.R. U.S.S.R. Western Asia.,1953,https://www.davidrumsey.com/luna/servlet/iiif/RUMSEY~8~1~218011~5504009,11406,7932,27071861,38.02 x 26.44,76.04 x 52.88
120,120_u-s-s-r-central-and-eastern-asia.jpg,RUMSEY~8~1~218014~5504010,U.S.S.R. Central and Eastern Asia.,1953,https://www.davidrumsey.com/luna/servlet/iiif/RUMSEY~8~1~218014~5504010,11421,7925,31331616,38.07 x 26.42,76.14 x 52.83
121,121_u-s-s-r-economic.jpg,RUMSEY~8~1~218017~5504011,U.S.S.R. Economic.,1953,https://www.davidrumsey.com/luna/servlet/iiif/RUMSEY~8~1~218017~5504011,11420,7925,22019103,38.07 x 26.42,76.13 x 52.83
122,122_asia-physical.jpg,RUMSEY~8~1~218018~5504012,Asia Physical.,1953,https://www.davidrumsey.com/luna/servlet/iiif/RUMSEY~8~1~218018~5504012,7968,11471,26272136,26.56 x 38.24,53.12 x 76.47
123,123_near-east-middle-east.jpg,RUMSEY~8~1~218020~5504013,Near East. Middle East.,1953,https://www.davidrumsey.com/luna/servlet/iiif/RUMSEY~8~1~218020~5504013,11435,7954,30643718,38.12 x 26.51,76.23 x 53.03
124,124_near-east-middle-east-india-pakistan-tibet.jpg,RUMSEY~8~1~218027~5504014,Near East. Middle East. India. Pakistan. Tibet.,1953,https://www.davidrumsey.com/luna/servlet/iiif/RUMSEY~8~1~218027~5504014,11435,7948,22651578,38.12 x 26.49,76.23 x 52.99
125,125_india-and-central-asia.jpg,RUMSEY~8~1~218033~5504015,India and Central Asia.,1953,https://www.davidrumsey.com/luna/servlet/iiif/RUMSEY~8~1~218033~5504015,8012,11489,32970721,26.71 x 38.30,53.41 x 76.59
126,126_far-east-malaysia.jpg,RUMSEY~8~1~218039~5504016,Far East. Malaysia.,1953,https://www.davidrumsey.com/luna/servlet/iiif/RUMSEY~8~1~218039~5504016,11450,7961,28288364,38.17 x 26.54,76.33 x 53.07
127,127_far-east-indonesia-philippines-new-guinea.jpg,RUMSEY~8~1~218046~5504017,Far East. Indonesia. Philippines. New Guinea.,1953,https://www.davidrumsey.com/luna/servlet/iiif/RUMSEY~8~1~218046~5504017,11442,7947,27992045,38.14 x 26.49,76.28 x 52.98
128,128_philippines-china.jpg,RUMSEY~8~1~218049~5504018,Philippines. China.,1953,https://www.davidrumsey.com/luna/servlet/iiif/RUMSEY~8~1~218049~5504018,11443,7949,27743101,38.14 x 26.50,76.29 x 52.99
129,129_eastern-china.jpg,RUMSEY~8~1~218052~5504019,Eastern China.,1953,https://www.davidrumsey.com/luna/servlet/iiif/RUMSEY~8~1~218052~5504019,8011,11488,35086780,26.70 x 38.29,53.41 x 76.59
130,130_china-japan-korea.jpg,RUMSEY~8~1~218055~5504020,China. Japan. Korea.,1953,https://www.davidrumsey.com/luna/servlet/iiif/RUMSEY~8~1~218055~5504020,11435,7948,21489006,38.12 x 26.49,76.23 x 52.99
131,131_manchuria-korea-japan.jpg,RUMSEY~8~1~218058~5504021,Manchuria. Korea. Japan.,1953,https://www.davidrumsey.com/luna/servlet/iiif/RUMSEY~8~1~218058~5504021,11438,7942,30642752,38.13 x 26.47,76.25 x 52.95
132,132_africa-physical.jpg,RUMSEY~8~1~218059~5504022,Africa Physical.,1953,https://www.davidrumsey.com/luna/servlet/iiif/RUMSEY~8~1~218059~5504022,11429,7940,23166394,38.10 x 26.47,76.19 x 52.93
133,133_northwest-africa.jpg,RUMSEY~8~1~218061~5504023,Northwest Africa.,1953,https://www.davidrumsey.com/luna/servlet/iiif/RUMSEY~8~1~218061~5504023,7977,11480,30959782,26.59 x 38.27,53.18 x 76.53
134,134_northwest-africa-northeast-africa.jpg,RUMSEY~8~1~218064~5504024,Northwest Africa. Northeast Africa.,1953,https://www.davidrumsey.com/luna/servlet/iiif/RUMSEY~8~1~218064~5504024,11429,7940,21223459,38.10 x 26.47,76.19 x 52.93
135,135_northeast-africa.jpg,RUMSEY~8~1~218067~5504025,Northeast Africa.,1953,https://www.davidrumsey.com/luna/servlet/iiif/RUMSEY~8~1~218067~5504025,11435,7955,31110745,38.12 x 26.52,76.23 x 53.03
136,136_central-and-west-africa-south-and-east-africa.jpg,RUMSEY~8~1~218072~5504026,Central and West Africa. South and East Africa.,1953,https://www.davidrumsey.com/luna/servlet/iiif/RUMSEY~8~1~218072~5504026,11450,7933,19913967,38.17 x 26.44,76.33 x 52.89
137,137_central-and-south-africa-madagascar.jpg,RUMSEY~8~1~218073~5504027,Central and South Africa. Madagascar.,1953,https://www.davidrumsey.com/luna/servlet/iiif/RUMSEY~8~1~218073~5504027,7986,11479,32486645,26.62 x 38.26,53.24 x 76.53
138,138_australia.jpg,RUMSEY~8~1~218079~5504028,Australia.,1953,https://www.davidrumsey.com/luna/servlet/iiif/RUMSEY~8~1~218079~5504028,11436,7948,30183587,38.12 x 26.49,76.24 x 52.99
139,139_australia-new-zealand-tasmania.jpg,RUMSEY~8~1~218081~5504029,Australia. New Zealand. Tasmania.,1953,https://www.davidrumsey.com/luna/servlet/iiif/RUMSEY~8~1~218081~5504029,11442,7955,22765394,38.14 x 26.52,76.28 x 53.03
140,140_pacific-islands-and-australia.jpg,RUMSEY~8~1~218083~5504030,Pacific Islands and Australia.,1953,https://www.davidrumsey.com/luna/servlet/iiif/RUMSEY~8~1~218083~5504030,11449,7954,28360907,38.16 x 26.51,76.33 x 53.03
141,141_pacific-ocean.jpg,RUMSEY~8~1~218087~5504031,Pacific Ocean.,1953,https://www.davidrumsey.com/luna/servlet/iiif/RUMSEY~8~1~218087~5504031,11428,7940,25073318,38.09 x 26.47,76.19 x 52.93
142,142_north-polar-regions-south-polar-regions.jpg,RUMSEY~8~1~218088~5504032,North Polar Regions. South Polar Regions.,1953,https://www.davidrumsey.com/luna/servlet/iiif/RUMSEY~8~1~218088~5504032,11442,7939,26911089,38.14 x 26.46,76.28 x 52.93
143,143_atlantic-ocean-conservation-of-resources.jpg,RUMSEY~8~1~218091~5504033,Atlantic Ocean. Conservation of Resources.,1953,https://www.davidrumsey.com/luna/servlet/iiif/RUMSEY~8~1~218091~5504033,11456,7940,22889430,38.19 x 26.47,76.37 x 52.93
144,144_conservation-of-resources.jpg,RUMSEY~8~1~218093~5504034,Conservation of Resources.,1953,https://www.davidrumsey.com/luna/servlet/iiif/RUMSEY~8~1~218093~5504034,11449,7955,20620884,38.16 x 26.52,76.33 x 53.03
145,145_conservation-of-resources.jpg,RUMSEY~8~1~218095~5504035,Conservation of Resources.,1953,https://www.davidrumsey.com/luna/servlet/iiif/RUMSEY~8~1~218095~5504035,6104,7945,7023703,20.35 x 26.48,40.69 x 52.97
